{
  "cs_values": [
    0.1,
    0.15,
    0.2,
    0.25,
    0.3,
    0.35,
    0.4,
    0.45,
    0.5,
    0.55,
    0.6,
    0.65,
    0.7,
    0.75,
    0.8,
    0.85,
    0.9,
    0.95,
    1.0
  ],
  "loop_gains": [
    0.267,
    0.2522,
    0.2373,
    0.2225,
    0.2077,
    0.1928,
    0.178,
    0.1632,
    0.1483,
    0.1335,
    0.1187,
    0.1038,
    0.089,
    0.0742,
    0.0593,
    0.0445,
    0.0297,
    0.0148,
    0.0
  ],
  "convergence_steps": [
    36,
    23,
    17,
    13,
    11,
    9,
    8,
    7,
    6,
    5,
    5,
    4,
    4,
    3,
    3,
    2,
    2,
    2,
    1
  ],
  "trajectories": {
    "0.50": [
      0.7,
      0.5,
      0.4,
      0.35,
      0.325,
      0.3125,
      0.30625,
      0.303125,
      0.301562,
      0.300781,
      0.300391,
      0.300196,
      0.300098
    ],
    "0.70": [
      0.7,
      0.42,
      0.336,
      0.3108,
      0.30324,
      0.300972,
      0.300292,
      0.300088
    ],
    "0.85": [
      0.7,
      0.36,
      0.309,
      0.30135,
      0.300202,
      0.30003
    ],
    "0.95": [
      0.7,
      0.32,
      0.301,
      0.30005
    ],
    "1.00": [
      0.7,
      0.3,
      0.3,
      0.3
    ],
    "1.05": [
      0.7,
      0.28,
      0.301,
      0.29995
    ]
  },
  "key_points": {
    "current": {
      "cs": 0.5,
      "gain": 0.1483,
      "steps": 6
    },
    "optimal": {
      "cs": 0.95,
      "gain": 0.0148,
      "steps": 2
    },
    "critical": {
      "cs": 1.0,
      "gain": 0.0,
      "overshoot": false,
      "note": "exact landing at threshold"
    },
    "unstable_demo": {
      "cs": 1.05,
      "gain": -0.0148,
      "overshoot": true
    }
  },
  "threshold": 0.3
}